{
  "timestamp": "20260210_113526",
  "total_train_time_seconds": 1617.1,
  "environment": {
    "hostname": "DESKTOP-M6AS54J",
    "platform": "Windows-10-10.0.26200-SP0",
    "python_version": "3.10.9",
    "pytorch_version": "2.10.0+cu126",
    "cuda_available": true,
    "mps_available": false,
    "cuda_version": "12.6",
    "gpu_name": "NVIDIA GeForce GTX 1660 SUPER",
    "gpu_vram_gb": 6.44,
    "git_commit": "67278af7df3e8d99ce78b1b56efe52bc528e9523"
  },
  "monkey": "affi",
  "mode": "mega",
  "config": {
    "d_model": 128,
    "n_heads": 8,
    "n_layers": 4,
    "learning_rate": 0.0003,
    "n_epochs": 200,
    "batch_size": 16,
    "patience": 30,
    "dropout": 0.2,
    "n_refinement_iters": 1
  },
  "loss_config": {
    "smoothness_weight": 0.01,
    "aux_weight": 0.1
  },
  "device": "cuda",
  "dataset": {
    "n_train": 917,
    "n_val": 114,
    "n_test": 116,
    "n_channels": 239,
    "n_features": 9,
    "observed_steps": 10,
    "future_steps": 10
  },
  "model": {
    "n_params": 1191098
  },
  "training": {
    "epochs_trained": 78,
    "best_epoch": 47,
    "early_stopped": true,
    "final_lr": 0.0002294878896349807
  },
  "results": {
    "test_mse_normalized": 1.4947306513786316,
    "test_mse_original": 53425.64794921875,
    "best_val_mse_normalized": 1.309624768793583,
    "per_timestep_mse_original": [
      17965.1171875,
      30761.50390625,
      36286.18359375,
      47378.66015625,
      62383.484375,
      70549.875,
      69123.28125,
      63684.90234375,
      65851.453125,
      70144.875
    ],
    "per_channel_mse_original": {
      "mean": 53412.93359375,
      "std": 45160.37109375,
      "min": 29050.693359375,
      "max": 700959.375,
      "worst_5_channels": [
        158,
        155,
        176,
        154,
        177
      ],
      "best_5_channels": [
        159,
        4,
        164,
        21,
        10
      ]
    },
    "prediction_stats": {
      "pred_mean": 307.9813232421875,
      "pred_std": 569.9458618164062,
      "pred_min": -4220.404296875,
      "pred_max": 3549.04833984375,
      "target_mean": 314.84283447265625,
      "target_std": 571.1557006835938,
      "target_min": -9718.822265625,
      "target_max": 4058.73095703125
    }
  }
}