{
  "timestamp": "20260211_150245",
  "total_train_time_seconds": 1339.7,
  "environment": {
    "hostname": "DESKTOP-M6AS54J",
    "platform": "Windows-10-10.0.26200-SP0",
    "python_version": "3.10.9",
    "pytorch_version": "2.10.0+cu126",
    "cuda_available": true,
    "mps_available": false,
    "cuda_version": "12.6",
    "gpu_name": "NVIDIA GeForce GTX 1660 SUPER",
    "gpu_vram_gb": 6.44,
    "git_commit": "9156936d0110b525938f0d0a5177e5c8031042b2"
  },
  "monkey": "affi",
  "mode": "mega",
  "config": {
    "d_model": 128,
    "n_heads": 8,
    "n_layers": 4,
    "learning_rate": 0.0003,
    "n_epochs": 200,
    "batch_size": 16,
    "patience": 50,
    "min_epochs": 30,
    "dropout": 0.2,
    "n_refinement_iters": 1
  },
  "loss_config": {
    "smoothness_weight": 0.0,
    "aux_weight": 0.01,
    "main_loss": "huber",
    "huber_delta": 1.0
  },
  "device": "cuda",
  "dataset": {
    "n_train": 917,
    "n_val": 114,
    "n_test": 116,
    "n_channels": 239,
    "n_features": 9,
    "observed_steps": 10,
    "future_steps": 10
  },
  "model": {
    "n_params": 1191098
  },
  "training": {
    "epochs_trained": 65,
    "best_epoch": 14,
    "early_stopped": true,
    "final_lr": 0.00025606601717798207
  },
  "results": {
    "test_mse_normalized": 1.6054638177156448,
    "test_mse_original": 56842.375,
    "best_val_mse_normalized": 1.3220255002379417,
    "per_timestep_mse_original": [
      21461.0703125,
      33369.17578125,
      40831.6875,
      53000.65625,
      63007.703125,
      70199.9765625,
      72768.828125,
      72527.4453125,
      67145.8515625,
      65540.4296875
    ],
    "per_channel_mse_original": {
      "mean": 55985.26953125,
      "std": 51077.05859375,
      "min": 25621.759765625,
      "max": 763813.375,
      "worst_5_channels": [
        158,
        176,
        177,
        155,
        154
      ],
      "best_5_channels": [
        27,
        21,
        4,
        10,
        164
      ]
    },
    "prediction_stats": {
      "pred_mean": 275.9478454589844,
      "pred_std": 574.5874633789062,
      "pred_min": -4140.8974609375,
      "pred_max": 3694.43408203125,
      "target_mean": 314.84283447265625,
      "target_std": 571.1557006835938,
      "target_min": -9718.822265625,
      "target_max": 4058.73095703125
    }
  }
}