{
  "timestamp": "20260210_184701",
  "total_train_time_seconds": 371.7,
  "environment": {
    "hostname": "DESKTOP-M6AS54J",
    "platform": "Windows-10-10.0.26200-SP0",
    "python_version": "3.10.9",
    "pytorch_version": "2.10.0+cu126",
    "cuda_available": true,
    "mps_available": false,
    "cuda_version": "12.6",
    "gpu_name": "NVIDIA GeForce GTX 1660 SUPER",
    "gpu_vram_gb": 6.44,
    "git_commit": "f1ab1dc21f746e7c6a1091bccdb6040519d93a80"
  },
  "monkey": "affi",
  "mode": "mini",
  "config": {
    "d_model": 64,
    "n_heads": 4,
    "n_layers": 3,
    "learning_rate": 0.001,
    "n_epochs": 50,
    "batch_size": 8,
    "patience": 15,
    "dropout": 0.15
  },
  "loss_config": {
    "smoothness_weight": 0.0,
    "aux_weight": 0.01,
    "main_loss": "huber",
    "huber_delta": 1.0
  },
  "device": "cuda",
  "dataset": {
    "n_train": 917,
    "n_val": 114,
    "n_test": 116,
    "n_channels": 239,
    "n_features": 9,
    "observed_steps": 10,
    "future_steps": 10
  },
  "model": {
    "n_params": 236623
  },
  "training": {
    "epochs_trained": 20,
    "best_epoch": 4,
    "early_stopped": true,
    "final_lr": 0.00075
  },
  "results": {
    "test_mse_normalized": 1.3949410279591878,
    "test_mse_original": 112132.54505208334,
    "best_val_mse_normalized": 1.4866395751635233,
    "per_timestep_mse_original": [
      17499.37109375,
      39533.5859375,
      59782.7421875,
      90614.1171875,
      116302.046875,
      142052.859375,
      158450.984375,
      167183.1875,
      175551.53125,
      176790.515625
    ],
    "per_channel_mse_original": {
      "mean": 114376.09375,
      "std": 63095.8828125,
      "min": 55154.46875,
      "max": 771135.875,
      "worst_5_channels": [
        158,
        155,
        165,
        195,
        187
      ],
      "best_5_channels": [
        4,
        77,
        71,
        70,
        58
      ]
    },
    "prediction_stats": {
      "pred_mean": 244.92056274414062,
      "pred_std": 643.964111328125,
      "pred_min": -5332.09521484375,
      "pred_max": 4767.68115234375,
      "target_mean": 314.84283447265625,
      "target_std": 571.1557006835938,
      "target_min": -9718.822265625,
      "target_max": 4058.73095703125
    }
  }
}