{
  "timestamp": "20260213_151111",
  "total_train_time_seconds": 750.4,
  "environment": {
    "hostname": "DESKTOP-M6AS54J",
    "platform": "Windows-10-10.0.26200-SP0",
    "python_version": "3.10.9",
    "pytorch_version": "2.10.0+cu126",
    "cuda_available": true,
    "mps_available": false,
    "cuda_version": "12.6",
    "gpu_name": "NVIDIA GeForce GTX 1660 SUPER",
    "gpu_vram_gb": 6.44,
    "git_commit": "b5035368f13d260defcb78c5b2d0234af7cf293c"
  },
  "monkey": "beignet",
  "mode": "mega",
  "config": {
    "d_model": 128,
    "n_heads": 8,
    "n_layers": 4,
    "learning_rate": 0.0003,
    "n_epochs": 200,
    "batch_size": 64,
    "effective_batch_size": 64,
    "patience": 50,
    "min_epochs": 30,
    "dropout": 0.2,
    "n_refinement_iters": 1,
    "aux_weight": 0.0,
    "timestep_weight_max": 2.0,
    "use_dual_heads": true,
    "use_temporal_conv": true
  },
  "loss_config": {
    "smoothness_weight": 0.0,
    "aux_weight": 0.0,
    "main_loss": "huber",
    "huber_delta": 1.0,
    "timestep_weight_max": 2.0
  },
  "device": "cuda",
  "dataset": {
    "n_train": 686,
    "n_val": 85,
    "n_test": 87,
    "n_channels": 89,
    "n_features": 9,
    "observed_steps": 10,
    "future_steps": 10
  },
  "model": {
    "n_params": 1355012
  },
  "training": {
    "epochs_trained": 110,
    "best_epoch": 59,
    "early_stopped": true,
    "final_lr": 0.00015
  },
  "results": {
    "test_mse_normalized": 0.8803911805152893,
    "test_mse_original": 73089.00390625,
    "best_val_mse_normalized": 0.5144329220056534,
    "per_timestep_mse_original": [
      28398.638671875,
      41284.359375,
      50986.703125,
      62561.32421875,
      69053.8359375,
      78980.5703125,
      95973.140625,
      110894.75,
      104842.2890625,
      104433.03125
    ],
    "per_channel_mse_original": {
      "mean": 74740.859375,
      "std": 53013.3046875,
      "min": 4351.87255859375,
      "max": 387739.625,
      "worst_5_channels": [
        57,
        44,
        24,
        51,
        72
      ],
      "best_5_channels": [
        7,
        33,
        28,
        40,
        21
      ]
    },
    "prediction_stats": {
      "pred_mean": 288.0331115722656,
      "pred_std": 473.90789794921875,
      "pred_min": -6012.51806640625,
      "pred_max": 8772.2568359375,
      "target_mean": 308.9779052734375,
      "target_std": 565.6088256835938,
      "target_min": -10365.611328125,
      "target_max": 10866.67578125
    }
  }
}