{
  "timestamp": "20260210_151217",
  "total_train_time_seconds": 410.6,
  "environment": {
    "hostname": "DESKTOP-M6AS54J",
    "platform": "Windows-10-10.0.26200-SP0",
    "python_version": "3.10.9",
    "pytorch_version": "2.10.0+cu126",
    "cuda_available": true,
    "mps_available": false,
    "cuda_version": "12.6",
    "gpu_name": "NVIDIA GeForce GTX 1660 SUPER",
    "gpu_vram_gb": 6.44,
    "git_commit": "8ccbf816282a1ec8bbb3e8c6730ba704822f9b27"
  },
  "monkey": "beignet",
  "mode": "mega",
  "config": {
    "d_model": 128,
    "n_heads": 8,
    "n_layers": 4,
    "learning_rate": 0.0003,
    "n_epochs": 200,
    "batch_size": 64,
    "patience": 30,
    "dropout": 0.2,
    "n_refinement_iters": 1
  },
  "loss_config": {
    "smoothness_weight": 0.0,
    "aux_weight": 0.01,
    "main_loss": "huber",
    "huber_delta": 1.0
  },
  "device": "cuda",
  "dataset": {
    "n_train": 686,
    "n_val": 85,
    "n_test": 87,
    "n_channels": 89,
    "n_features": 9,
    "observed_steps": 10,
    "future_steps": 10
  },
  "model": {
    "n_params": 1191098
  },
  "training": {
    "epochs_trained": 93,
    "best_epoch": 62,
    "early_stopped": true,
    "final_lr": 0.0001938557557084105
  },
  "results": {
    "test_mse_normalized": 0.7483702003955841,
    "test_mse_original": 73397.02734375,
    "best_val_mse_normalized": 0.7269929349422455,
    "per_timestep_mse_original": [
      28584.798828125,
      44912.61328125,
      52708.37109375,
      63603.64453125,
      68392.328125,
      76198.5078125,
      86100.9609375,
      92754.4375,
      98941.75,
      101398.2734375
    ],
    "per_channel_mse_original": {
      "mean": 71359.5703125,
      "std": 36982.71484375,
      "min": 12068.525390625,
      "max": 347249.46875,
      "worst_5_channels": [
        23,
        86,
        19,
        24,
        44
      ],
      "best_5_channels": [
        7,
        33,
        28,
        22,
        56
      ]
    },
    "prediction_stats": {
      "pred_mean": 358.2789306640625,
      "pred_std": 523.066650390625,
      "pred_min": -7479.703125,
      "pred_max": 10152.4912109375,
      "target_mean": 354.00347900390625,
      "target_std": 560.9801025390625,
      "target_min": -7881.09130859375,
      "target_max": 12038.771484375
    }
  }
}