{
  "timestamp": "20260210_184043",
  "total_train_time_seconds": 195.6,
  "environment": {
    "hostname": "DESKTOP-M6AS54J",
    "platform": "Windows-10-10.0.26200-SP0",
    "python_version": "3.10.9",
    "pytorch_version": "2.10.0+cu126",
    "cuda_available": true,
    "mps_available": false,
    "cuda_version": "12.6",
    "gpu_name": "NVIDIA GeForce GTX 1660 SUPER",
    "gpu_vram_gb": 6.44,
    "git_commit": "f1ab1dc21f746e7c6a1091bccdb6040519d93a80"
  },
  "monkey": "beignet",
  "mode": "mini",
  "config": {
    "d_model": 64,
    "n_heads": 4,
    "n_layers": 3,
    "learning_rate": 0.001,
    "n_epochs": 50,
    "batch_size": 16,
    "patience": 15,
    "dropout": 0.15
  },
  "loss_config": {
    "smoothness_weight": 0.0,
    "aux_weight": 0.01,
    "main_loss": "huber",
    "huber_delta": 1.0
  },
  "device": "cuda",
  "dataset": {
    "n_train": 686,
    "n_val": 85,
    "n_test": 87,
    "n_channels": 89,
    "n_features": 9,
    "observed_steps": 10,
    "future_steps": 10
  },
  "model": {
    "n_params": 226723
  },
  "training": {
    "epochs_trained": 47,
    "best_epoch": 31,
    "early_stopped": true,
    "final_lr": 1.0926199633097156e-05
  },
  "results": {
    "test_mse_normalized": 0.8254328568776449,
    "test_mse_original": 80581.79947916667,
    "best_val_mse_normalized": 0.8470031718413035,
    "per_timestep_mse_original": [
      15573.767578125,
      35951.2109375,
      53977.08203125,
      75433.734375,
      82771.96875,
      88168.171875,
      97932.6640625,
      108553.4609375,
      122640.765625,
      128740.4375
    ],
    "per_channel_mse_original": {
      "mean": 80974.3203125,
      "std": 32537.384765625,
      "min": 20504.751953125,
      "max": 292208.65625,
      "worst_5_channels": [
        23,
        72,
        24,
        44,
        80
      ],
      "best_5_channels": [
        7,
        28,
        62,
        56,
        52
      ]
    },
    "prediction_stats": {
      "pred_mean": 407.138427734375,
      "pred_std": 555.953369140625,
      "pred_min": -8476.462890625,
      "pred_max": 12531.0224609375,
      "target_mean": 354.00347900390625,
      "target_std": 560.9801025390625,
      "target_min": -7881.09130859375,
      "target_max": 12038.771484375
    }
  }
}