{
  "timestamp": "20260213_140657",
  "total_train_time_seconds": 1656.0,
  "environment": {
    "hostname": "DESKTOP-M6AS54J",
    "platform": "Windows-10-10.0.26200-SP0",
    "python_version": "3.10.9",
    "pytorch_version": "2.10.0+cu126",
    "cuda_available": true,
    "mps_available": false,
    "cuda_version": "12.6",
    "gpu_name": "NVIDIA GeForce GTX 1660 SUPER",
    "gpu_vram_gb": 6.44,
    "git_commit": "d73cc2e048f4d7ee3e58008fede3db93c46a385c"
  },
  "monkey": "affi",
  "mode": "mega",
  "config": {
    "d_model": 128,
    "n_heads": 8,
    "n_layers": 4,
    "learning_rate": 0.0003,
    "n_epochs": 200,
    "batch_size": 16,
    "effective_batch_size": 64,
    "patience": 50,
    "min_epochs": 30,
    "dropout": 0.2,
    "n_refinement_iters": 1,
    "aux_weight": 0.0,
    "timestep_weight_max": 2.0
  },
  "loss_config": {
    "smoothness_weight": 0.0,
    "aux_weight": 0.0,
    "main_loss": "huber",
    "huber_delta": 1.0,
    "timestep_weight_max": 2.0
  },
  "device": "cuda",
  "dataset": {
    "n_train": 917,
    "n_val": 114,
    "n_test": 116,
    "n_channels": 239,
    "n_features": 9,
    "observed_steps": 10,
    "future_steps": 10
  },
  "model": {
    "n_params": 1222168
  },
  "training": {
    "epochs_trained": 80,
    "best_epoch": 29,
    "early_stopped": true,
    "final_lr": 0.00021169306546959174
  },
  "results": {
    "test_mse_normalized": 1.3682706132531166,
    "test_mse_original": 50966.43359375,
    "best_val_mse_normalized": 1.490760698914528,
    "per_timestep_mse_original": [
      23774.7578125,
      33450.03515625,
      48880.546875,
      56580.26171875,
      54916.2578125,
      57000.30859375,
      65979.203125,
      67122.5625,
      65525.296875,
      66111.90625
    ],
    "per_channel_mse_original": {
      "mean": 53934.1171875,
      "std": 25340.958984375,
      "min": 23776.607421875,
      "max": 178346.4375,
      "worst_5_channels": [
        176,
        204,
        154,
        147,
        177
      ],
      "best_5_channels": [
        4,
        27,
        164,
        23,
        10
      ]
    },
    "prediction_stats": {
      "pred_mean": 288.6138610839844,
      "pred_std": 512.555908203125,
      "pred_min": -3918.832275390625,
      "pred_max": 3538.763671875,
      "target_mean": 299.8551940917969,
      "target_std": 558.6347045898438,
      "target_min": -5358.37939453125,
      "target_max": 3471.15234375
    }
  }
}